{
    "furniture": [
        {
            "id": "8",
            "thumbnail": "/static/img/products/shop/7.jpg",
            "variants": [
                {
                    "id": "1",
                    "thumbnail": "/static/img/products/variants/8a.jpg"
                },
                {
                    "id": "2",
                    "thumbnail": "/static/img/products/variants/8b.jpg"
                },
                {
                    "id": "3",
                    "thumbnail": "/static/img/products/variants/8c.jpg"
                },
                {
                    "id": "4",
                    "thumbnail": "/static/img/products/variants/8d.jpg"
                }
            ],
            "title": "Korea Long Sofa Fabric In Blue Navy Color",
            "vendor": "Youngshop",
            "sale": true,
            "price": "567.80",
            "salePrice": "670.20",
            "rating": true,
            "ratingCount": "4",
            "badge": [
                {
                    "type": "sale",
                    "value": "-16%"
                }
            ],
            "categories": [
                {
                    "id": "6",
                    "value": "garden",
                    "name": "Garden & Kitchen"
                }
            ],
            "brand": [
                {
                    "id": "7",
                    "value": "flatfuniture",
                    "text": "Flat Funiture"
                }
            ]
        },
        {
            "id": "46",
            "thumbnail": "/static/img/products/furniture/8.jpg",
            "variants": [
                {
                    "id": "1",
                    "thumbnail": "/static/img/products/variants/46a.jpg"
                },
                {
                    "id": "2",
                    "thumbnail": "/static/img/products/variants/46b.jpg"
                },
                {
                    "id": "3",
                    "thumbnail": "/static/img/products/variants/46c.jpg"
                },
                {
                    "id": "4",
                    "thumbnail": "/static/img/products/variants/46d.jpg"
                }
            ],
            "title": "Wood Simple Tea Table",
            "vendor": "Global Office",
            "sale": false,
            "price": "393.38",
            "rating": true,
            "ratingCount": "01",
            "categories": [
                {
                    "id": "6",
                    "value": "garden",
                    "name": "Garden & Kitchen"
                }
            ],
            "brand": [
                {
                    "id": "7",
                    "value": "flatfuniture",
                    "text": "Flat Funiture"
                }
            ]
        },
        {
            "id": "47",
            "thumbnail": "/static/img/products/furniture/10.jpg",
            "variants": [
                {
                    "id": "1",
                    "thumbnail": "/static/img/products/variants/47a.jpg"
                },
                {
                    "id": "2",
                    "thumbnail": "/static/img/products/variants/47b.jpg"
                },
                {
                    "id": "3",
                    "thumbnail": "/static/img/products/variants/47c.jpg"
                },
                {
                    "id": "4",
                    "thumbnail": "/static/img/products/variants/47d.jpg"
                }
            ],
            "title": "Simple Plastic Chair In Gray Color",
            "vendor": "Young Shop",
            "sale": true,
            "price": "25.00",
            "salePrice": "50.00",
            "rating": true,
            "ratingCount": "02",
            "badge": [
                {
                    "type": "sale",
                    "value": "-24%"
                }
            ],
            "categories": [
                {
                    "id": "6",
                    "value": "garden",
                    "name": "Garden & Kitchen"
                }
            ],
            "brand": [
                {
                    "id": "7",
                    "value": "flatfuniture",
                    "text": "Flat Funiture"
                }
            ]
        },
        {
            "id": "48",
            "thumbnail": "/static/img/products/furniture/9.jpg",
            "variants": [
                {
                    "id": "1",
                    "thumbnail": "/static/img/products/variants/48a.jpg"
                },
                {
                    "id": "2",
                    "thumbnail": "/static/img/products/variants/48b.jpg"
                },
                {
                    "id": "3",
                    "thumbnail": "/static/img/products/variants/48c.jpg"
                },
                {
                    "id": "4",
                    "thumbnail": "/static/img/products/variants/48d.jpg"
                }
            ],
            "title": "Korea Small Wood 4 Boxes Storage",
            "vendor": "Global Office",
            "sale": false,
            "price": "64.00",
            "rating": true,
            "ratingCount": "01",
            "categories": [
                {
                    "id": "6",
                    "value": "garden",
                    "name": "Garden & Kitchen"
                }
            ],
            "brand": [
                {
                    "id": "7",
                    "value": "flatfuniture",
                    "text": "Flat Funiture"
                }
            ]
        },
        {
            "id": "49",
            "thumbnail": "/static/img/products/furniture/11.jpg",
            "variants": [
                {
                    "id": "1",
                    "thumbnail": "/static/img/products/variants/49a.jpg"
                },
                {
                    "id": "2",
                    "thumbnail": "/static/img/products/variants/49b.jpg"
                },
                {
                    "id": "3",
                    "thumbnail": "/static/img/products/variants/49c.jpg"
                },
                {
                    "id": "4",
                    "thumbnail": "/static/img/products/variants/49d.jpg"
                }
            ],
            "title": "Simple Wood Combine With Leather Chair",
            "vendor": "Global Office",
            "sale": false,
            "price": "98.59",
            "rating": true,
            "ratingCount": "01",
            "categories": [
                {
                    "id": "6",
                    "value": "garden",
                    "name": "Garden & Kitchen"
                }
            ],
            "brand": [
                {
                    "id": "7",
                    "value": "flatfuniture",
                    "text": "Flat Funiture"
                }
            ]
        },
        {
            "id": "50",
            "thumbnail": "/static/img/products/furniture/1.jpg",
            "title": "Claure Austin Lover Round Chair White Wooden",
            "variants": [
                {
                    "id": "1",
                    "thumbnail": "/static/img/products/variants/50a.jpg"
                },
                {
                    "id": "2",
                    "thumbnail": "/static/img/products/variants/50b.jpg"
                },
                {
                    "id": "3",
                    "thumbnail": "/static/img/products/variants/50c.jpg"
                },
                {
                    "id": "4",
                    "thumbnail": "/static/img/products/variants/50d.jpg"
                }
            ],
            "vendor": "Global Office",
            "sale": false,
            "price": "99.59",
            "rating": true,
            "ratingCount": "01",
            "categories": [
                {
                    "id": "6",
                    "value": "garden",
                    "name": "Garden & Kitchen"
                }
            ],
            "brand": [
                {
                    "id": "7",
                    "value": "flatfuniture",
                    "text": "Flat Funiture"
                }
            ]
        },
        {
            "id": "28",
            "thumbnail": "/static/img/products/home/4.jpg",
            "variants": [
                {
                    "id": "1",
                    "thumbnail": "/static/img/products/variants/28a.jpg"
                },
                {
                    "id": "2",
                    "thumbnail": "/static/img/products/variants/28b.jpg"
                },
                {
                    "id": "3",
                    "thumbnail": "/static/img/products/variants/28c.jpg"
                },
                {
                    "id": "4",
                    "thumbnail": "/static/img/products/variants/28d.jpg"
                }
            ],
            "title": "Korea Fabric Chair In Brown Colorr",
            "vendor": "Global Office",
            "sale": false,
            "price": "320.00",
            "rating": true,
            "ratingCount": "01",
            "badge": [
                {
                    "type": "outStock",
                    "value": "Out Of Stock"
                }
            ],
            "categories": [
                {
                    "id": "6",
                    "value": "garden",
                    "name": "Garden & Kitchen"
                }
            ],
            "brand": [
                {
                    "id": "7",
                    "value": "flatfuniture",
                    "text": "Flat Funiture"
                }
            ]
        },
        {
            "id": "27",
            "thumbnail": "/static/img/products/home/3.jpg",
            "variants": [
                {
                    "id": "1",
                    "thumbnail": "/static/img/products/variants/27a.jpg"
                },
                {
                    "id": "2",
                    "thumbnail": "/static/img/products/variants/27b.jpg"
                },
                {
                    "id": "3",
                    "thumbnail": "/static/img/products/variants/27c.jpg"
                },
                {
                    "id": "4",
                    "thumbnail": "/static/img/products/variants/27d.jpg"
                }
            ],
            "title": "Simple Plastice Chair In White Color",
            "vendor": "Young Shop",
            "sale": true,
            "price": "42.00",
            "salePrice": "60.00",
            "rating": true,
            "ratingCount": "02",
            "badge": [
                {
                    "type": "sale",
                    "value": "-25%"
                }
            ],
            "categories": [
                {
                    "id": "6",
                    "value": "garden",
                    "name": "Garden & Kitchen"
                }
            ],
            "brand": [
                {
                    "id": "7",
                    "value": "flatfuniture",
                    "text": "Flat Funiture"
                }
            ]
        },
        {
            "id": "51",
            "thumbnail": "/static/img/products/furniture/4.jpg",
            "variants": [
                {
                    "id": "1",
                    "thumbnail": "/static/img/products/furniture/4.jpg"
                }
            ],
            "title": "Letter Printed Cushion Cover Cotton Throw Pillow",
            "vendor": "Global Office",
            "sale": false,
            "price": "13.59",
            "rating": true,
            "ratingCount": "01",
            "categories": [
                {
                    "id": "6",
                    "value": "garden",
                    "name": "Garden & Kitchen"
                }
            ],
            "brand": [
                {
                    "id": "7",
                    "value": "flatfuniture",
                    "text": "Flat Funiture"
                }
            ]
        },
        {
            "id": "52",
            "thumbnail": "/static/img/products/furniture/5.jpg",
            "variants": [
                {
                    "id": "1",
                    "thumbnail": "/static/img/products/furniture/5.jpg"
                }
            ],
            "title": "Simple Short TV Board Combine Book Shelf",
            "vendor": "Global Office",
            "sale": false,
            "price": "13.59",
            "rating": true,
            "ratingCount": "01",
            "categories": [
                {
                    "id": "6",
                    "value": "garden",
                    "name": "Garden & Kitchen"
                }
            ],
            "brand": [
                {
                    "id": "6",
                    "value": "sony",
                    "text": "Sony"
                }
            ]
        },
        {
            "id": "53",
            "thumbnail": "/static/img/products/furniture/6.jpg",
            "variants": [
                {
                    "id": "1",
                    "thumbnail": "/static/img/products/variants/53a.jpg"
                },
                {
                    "id": "2",
                    "thumbnail": "/static/img/products/variants/53b.jpg"
                },
                {
                    "id": "3",
                    "thumbnail": "/static/img/products/variants/53c.jpg"
                }
            ],
            "title": "Simple Tea Teable With Glass Surface",
            "vendor": "Global Office",
            "sale": false,
            "price": "249.59",
            "rating": true,
            "ratingCount": "01",
            "categories": [
                {
                    "id": "6",
                    "value": "garden",
                    "name": "Garden & Kitchen"
                }
            ],
            "brand": [
                {
                    "id": "7",
                    "value": "flatfuniture",
                    "text": "Flat Funiture"
                }
            ]
        },
        {
            "id": "54",
            "thumbnail": "/static/img/products/furniture/7.jpg",
            "variants": [
                {
                    "id": "1",
                    "thumbnail": "/static/img/products/variants/54a.jpg"
                },
                {
                    "id": "2",
                    "thumbnail": "/static/img/products/variants/54b.jpg"
                },
                {
                    "id": "3",
                    "thumbnail": "/static/img/products/variants/54c.jpg"
                }
            ],
            "title": "Stadler Form Otto African Sapele Wood",
            "vendor": "Global Office",
            "sale": false,
            "price": "127.59",
            "rating": true,
            "ratingCount": "01",
            "categories": [
                {
                    "id": "6",
                    "value": "garden",
                    "name": "Garden & Kitchen"
                }
            ],
            "brand": [
                {
                    "id": "7",
                    "value": "flatfuniture",
                    "text": "Flat Funiture"
                }
            ]
        }
    ]
}
